combo_number,1,2,3,4,5,6,7,8,9,10,11,12,13,14,15
0,60,60,60,60,60,60,60,60,60,60,60,60,60,60,60
1,60,60,60,60,60,60,60,60,60,60,60,60,60,60,54
2,60,60,60,60,60,60,60,60,60,60,60,60,60,60,48
3,60,60,60,60,60,60,60,60,60,60,60,60,60,60,36
4,60,60,60,60,60,60,60,60,60,60,60,60,60,54,54
5,60,60,60,60,60,60,60,60,60,60,60,60,60,54,48
6,60,60,60,60,60,60,60,60,60,60,60,60,60,54,36
7,60,60,60,60,60,60,60,60,60,60,60,60,60,48,48
8,60,60,60,60,60,60,60,60,60,60,60,60,60,48,36
9,60,60,60,60,60,60,60,60,60,60,60,60,60,36,36
10,60,60,60,60,60,60,60,60,60,60,60,60,54,54,54
11,60,60,60,60,60,60,60,60,60,60,60,60,54,54,48
12,60,60,60,60,60,60,60,60,60,60,60,60,54,54,36
13,60,60,60,60,60,60,60,60,60,60,60,60,54,48,48
14,60,60,60,60,60,60,60,60,60,60,60,60,54,48,36
15,60,60,60,60,60,60,60,60,60,60,60,60,54,36,36
16,60,60,60,60,60,60,60,60,60,60,60,60,48,48,48
17,60,60,60,60,60,60,60,60,60,60,60,60,48,48,36
18,60,60,60,60,60,60,60,60,60,60,60,60,48,36,36
19,60,60,60,60,60,60,60,60,60,60,60,60,36,36,36
20,60,60,60,60,60,60,60,60,60,60,60,54,54,54,54
21,60,60,60,60,60,60,60,60,60,60,60,54,54,54,48
22,60,60,60,60,60,60,60,60,60,60,60,54,54,54,36
23,60,60,60,60,60,60,60,60,60,60,60,54,54,48,48
24,60,60,60,60,60,60,60,60,60,60,60,54,54,48,36
25,60,60,60,60,60,60,60,60,60,60,60,54,54,36,36
26,60,60,60,60,60,60,60,60,60,60,60,54,48,48,48
27,60,60,60,60,60,60,60,60,60,60,60,54,48,48,36
28,60,60,60,60,60,60,60,60,60,60,60,54,48,36,36
29,60,60,60,60,60,60,60,60,60,60,60,54,36,36,36
30,60,60,60,60,60,60,60,60,60,60,60,48,48,48,48
31,60,60,60,60,60,60,60,60,60,60,60,48,48,48,36
32,60,60,60,60,60,60,60,60,60,60,60,48,48,36,36
33,60,60,60,60,60,60,60,60,60,60,60,48,36,36,36
34,60,60,60,60,60,60,60,60,60,60,60,36,36,36,36
35,60,60,60,60,60,60,60,60,60,60,54,54,54,54,54
36,60,60,60,60,60,60,60,60,60,60,54,54,54,54,48
37,60,60,60,60,60,60,60,60,60,60,54,54,54,54,36
38,60,60,60,60,60,60,60,60,60,60,54,54,54,48,48
39,60,60,60,60,60,60,60,60,60,60,54,54,54,48,36
40,60,60,60,60,60,60,60,60,60,60,54,54,54,36,36
41,60,60,60,60,60,60,60,60,60,60,54,54,48,48,48
42,60,60,60,60,60,60,60,60,60,60,54,54,48,48,36
43,60,60,60,60,60,60,60,60,60,60,54,54,48,36,36
44,60,60,60,60,60,60,60,60,60,60,54,54,36,36,36
45,60,60,60,60,60,60,60,60,60,60,54,48,48,48,48
46,60,60,60,60,60,60,60,60,60,60,54,48,48,48,36
47,60,60,60,60,60,60,60,60,60,60,54,48,48,36,36
48,60,60,60,60,60,60,60,60,60,60,54,48,36,36,36
49,60,60,60,60,60,60,60,60,60,60,54,36,36,36,36
50,60,60,60,60,60,60,60,60,60,60,48,48,48,48,48
51,60,60,60,60,60,60,60,60,60,60,48,48,48,48,36
52,60,60,60,60,60,60,60,60,60,60,48,48,48,36,36
53,60,60,60,60,60,60,60,60,60,60,48,48,36,36,36
54,60,60,60,60,60,60,60,60,60,60,48,36,36,36,36
55,60,60,60,60,60,60,60,60,60,60,36,36,36,36,36
56,60,60,60,60,60,60,60,60,60,54,54,54,54,54,54
57,60,60,60,60,60,60,60,60,60,54,54,54,54,54,48
58,60,60,60,60,60,60,60,60,60,54,54,54,54,54,36
59,60,60,60,60,60,60,60,60,60,54,54,54,54,48,48
60,60,60,60,60,60,60,60,60,60,54,54,54,54,48,36
61,60,60,60,60,60,60,60,60,60,54,54,54,54,36,36
62,60,60,60,60,60,60,60,60,60,54,54,54,48,48,48
63,60,60,60,60,60,60,60,60,60,54,54,54,48,48,36
64,60,60,60,60,60,60,60,60,60,54,54,54,48,36,36
65,60,60,60,60,60,60,60,60,60,54,54,54,36,36,36
66,60,60,60,60,60,60,60,60,60,54,54,48,48,48,48
67,60,60,60,60,60,60,60,60,60,54,54,48,48,48,36
68,60,60,60,60,60,60,60,60,60,54,54,48,48,36,36
69,60,60,60,60,60,60,60,60,60,54,54,48,36,36,36
70,60,60,60,60,60,60,60,60,60,54,54,36,36,36,36
71,60,60,60,60,60,60,60,60,60,54,48,48,48,48,48
72,60,60,60,60,60,60,60,60,60,54,48,48,48,48,36
73,60,60,60,60,60,60,60,60,60,54,48,48,48,36,36
74,60,60,60,60,60,60,60,60,60,54,48,48,36,36,36
75,60,60,60,60,60,60,60,60,60,54,48,36,36,36,36
76,60,60,60,60,60,60,60,60,60,54,36,36,36,36,36
77,60,60,60,60,60,60,60,60,60,48,48,48,48,48,48
78,60,60,60,60,60,60,60,60,60,48,48,48,48,48,36
79,60,60,60,60,60,60,60,60,60,48,48,48,48,36,36
80,60,60,60,60,60,60,60,60,60,48,48,48,36,36,36
81,60,60,60,60,60,60,60,60,60,48,48,36,36,36,36
82,60,60,60,60,60,60,60,60,60,48,36,36,36,36,36
83,60,60,60,60,60,60,60,60,60,36,36,36,36,36,36
84,60,60,60,60,60,60,60,60,54,54,54,54,54,54,54
85,60,60,60,60,60,60,60,60,54,54,54,54,54,54,48
86,60,60,60,60,60,60,60,60,54,54,54,54,54,54,36
87,60,60,60,60,60,60,60,60,54,54,54,54,54,48,48
88,60,60,60,60,60,60,60,60,54,54,54,54,54,48,36
89,60,60,60,60,60,60,60,60,54,54,54,54,54,36,36
90,60,60,60,60,60,60,60,60,54,54,54,54,48,48,48
91,60,60,60,60,60,60,60,60,54,54,54,54,48,48,36
92,60,60,60,60,60,60,60,60,54,54,54,54,48,36,36
93,60,60,60,60,60,60,60,60,54,54,54,54,36,36,36
94,60,60,60,60,60,60,60,60,54,54,54,48,48,48,48
95,60,60,60,60,60,60,60,60,54,54,54,48,48,48,36
96,60,60,60,60,60,60,60,60,54,54,54,48,48,36,36
97,60,60,60,60,60,60,60,60,54,54,54,48,36,36,36
98,60,60,60,60,60,60,60,60,54,54,54,36,36,36,36
99,60,60,60,60,60,60,60,60,54,54,48,48,48,48,48
100,60,60,60,60,60,60,60,60,54,54,48,48,48,48,36
101,60,60,60,60,60,60,60,60,54,54,48,48,48,36,36
102,60,60,60,60,60,60,60,60,54,54,48,48,36,36,36
103,60,60,60,60,60,60,60,60,54,54,48,36,36,36,36
104,60,60,60,60,60,60,60,60,54,54,36,36,36,36,36
105,60,60,60,60,60,60,60,60,54,48,48,48,48,48,48
106,60,60,60,60,60,60,60,60,54,48,48,48,48,48,36
107,60,60,60,60,60,60,60,60,54,48,48,48,48,36,36
108,60,60,60,60,60,60,60,60,54,48,48,48,36,36,36
109,60,60,60,60,60,60,60,60,54,48,48,36,36,36,36
110,60,60,60,60,60,60,60,60,54,48,36,36,36,36,36
111,60,60,60,60,60,60,60,60,54,36,36,36,36,36,36
112,60,60,60,60,60,60,60,60,48,48,48,48,48,48,48
113,60,60,60,60,60,60,60,60,48,48,48,48,48,48,36
114,60,60,60,60,60,60,60,60,48,48,48,48,48,36,36
115,60,60,60,60,60,60,60,60,48,48,48,48,36,36,36
116,60,60,60,60,60,60,60,60,48,48,48,36,36,36,36
117,60,60,60,60,60,60,60,60,48,48,36,36,36,36,36
118,60,60,60,60,60,60,60,60,48,36,36,36,36,36,36
119,60,60,60,60,60,60,60,60,36,36,36,36,36,36,36
120,60,60,60,60,60,60,60,54,54,54,54,54,54,54,54
121,60,60,60,60,60,60,60,54,54,54,54,54,54,54,48
122,60,60,60,60,60,60,60,54,54,54,54,54,54,54,36
123,60,60,60,60,60,60,60,54,54,54,54,54,54,48,48
124,60,60,60,60,60,60,60,54,54,54,54,54,54,48,36
125,60,60,60,60,60,60,60,54,54,54,54,54,54,36,36
126,60,60,60,60,60,60,60,54,54,54,54,54,48,48,48
127,60,60,60,60,60,60,60,54,54,54,54,54,48,48,36
128,60,60,60,60,60,60,60,54,54,54,54,54,48,36,36
129,60,60,60,60,60,60,60,54,54,54,54,54,36,36,36
130,60,60,60,60,60,60,60,54,54,54,54,48,48,48,48
131,60,60,60,60,60,60,60,54,54,54,54,48,48,48,36
132,60,60,60,60,60,60,60,54,54,54,54,48,48,36,36
133,60,60,60,60,60,60,60,54,54,54,54,48,36,36,36
134,60,60,60,60,60,60,60,54,54,54,54,36,36,36,36
135,60,60,60,60,60,60,60,54,54,54,48,48,48,48,48
136,60,60,60,60,60,60,60,54,54,54,48,48,48,48,36
137,60,60,60,60,60,60,60,54,54,54,48,48,48,36,36
138,60,60,60,60,60,60,60,54,54,54,48,48,36,36,36
139,60,60,60,60,60,60,60,54,54,54,48,36,36,36,36
140,60,60,60,60,60,60,60,54,54,54,36,36,36,36,36
141,60,60,60,60,60,60,60,54,54,48,48,48,48,48,48
142,60,60,60,60,60,60,60,54,54,48,48,48,48,48,36
143,60,60,60,60,60,60,60,54,54,48,48,48,48,36,36
144,60,60,60,60,60,60,60,54,54,48,48,48,36,36,36
145,60,60,60,60,60,60,60,54,54,48,48,36,36,36,36
146,60,60,60,60,60,60,60,54,54,48,36,36,36,36,36
147,60,60,60,60,60,60,60,54,54,36,36,36,36,36,36
148,60,60,60,60,60,60,60,54,48,48,48,48,48,48,48
149,60,60,60,60,60,60,60,54,48,48,48,48,48,48,36
150,60,60,60,60,60,60,60,54,48,48,48,48,48,36,36
151,60,60,60,60,60,60,60,54,48,48,48,48,36,36,36
152,60,60,60,60,60,60,60,54,48,48,48,36,36,36,36
153,60,60,60,60,60,60,60,54,48,48,36,36,36,36,36
154,60,60,60,60,60,60,60,54,48,36,36,36,36,36,36
155,60,60,60,60,60,60,60,54,36,36,36,36,36,36,36
156,60,60,60,60,60,60,60,48,48,48,48,48,48,48,48
157,60,60,60,60,60,60,60,48,48,48,48,48,48,48,36
158,60,60,60,60,60,60,60,48,48,48,48,48,48,36,36
159,60,60,60,60,60,60,60,48,48,48,48,48,36,36,36
160,60,60,60,60,60,60,60,48,48,48,48,36,36,36,36
161,60,60,60,60,60,60,60,48,48,48,36,36,36,36,36
162,60,60,60,60,60,60,60,48,48,36,36,36,36,36,36
163,60,60,60,60,60,60,60,48,36,36,36,36,36,36,36
164,60,60,60,60,60,60,60,36,36,36,36,36,36,36,36
165,60,60,60,60,60,60,54,54,54,54,54,54,54,54,54
166,60,60,60,60,60,60,54,54,54,54,54,54,54,54,48
167,60,60,60,60,60,60,54,54,54,54,54,54,54,54,36
168,60,60,60,60,60,60,54,54,54,54,54,54,54,48,48
169,60,60,60,60,60,60,54,54,54,54,54,54,54,48,36
170,60,60,60,60,60,60,54,54,54,54,54,54,54,36,36
171,60,60,60,60,60,60,54,54,54,54,54,54,48,48,48
172,60,60,60,60,60,60,54,54,54,54,54,54,48,48,36
173,60,60,60,60,60,60,54,54,54,54,54,54,48,36,36
174,60,60,60,60,60,60,54,54,54,54,54,54,36,36,36
175,60,60,60,60,60,60,54,54,54,54,54,48,48,48,48
176,60,60,60,60,60,60,54,54,54,54,54,48,48,48,36
177,60,60,60,60,60,60,54,54,54,54,54,48,48,36,36
178,60,60,60,60,60,60,54,54,54,54,54,48,36,36,36
179,60,60,60,60,60,60,54,54,54,54,54,36,36,36,36
180,60,60,60,60,60,60,54,54,54,54,48,48,48,48,48
181,60,60,60,60,60,60,54,54,54,54,48,48,48,48,36
182,60,60,60,60,60,60,54,54,54,54,48,48,48,36,36
183,60,60,60,60,60,60,54,54,54,54,48,48,36,36,36
184,60,60,60,60,60,60,54,54,54,54,48,36,36,36,36
185,60,60,60,60,60,60,54,54,54,54,36,36,36,36,36
186,60,60,60,60,60,60,54,54,54,48,48,48,48,48,48
187,60,60,60,60,60,60,54,54,54,48,48,48,48,48,36
188,60,60,60,60,60,60,54,54,54,48,48,48,48,36,36
189,60,60,60,60,60,60,54,54,54,48,48,48,36,36,36
190,60,60,60,60,60,60,54,54,54,48,48,36,36,36,36
191,60,60,60,60,60,60,54,54,54,48,36,36,36,36,36
192,60,60,60,60,60,60,54,54,54,36,36,36,36,36,36
193,60,60,60,60,60,60,54,54,48,48,48,48,48,48,48
194,60,60,60,60,60,60,54,54,48,48,48,48,48,48,36
195,60,60,60,60,60,60,54,54,48,48,48,48,48,36,36
196,60,60,60,60,60,60,54,54,48,48,48,48,36,36,36
197,60,60,60,60,60,60,54,54,48,48,48,36,36,36,36
198,60,60,60,60,60,60,54,54,48,48,36,36,36,36,36
199,60,60,60,60,60,60,54,54,48,36,36,36,36,36,36
200,60,60,60,60,60,60,54,54,36,36,36,36,36,36,36
201,60,60,60,60,60,60,54,48,48,48,48,48,48,48,48
202,60,60,60,60,60,60,54,48,48,48,48,48,48,48,36
203,60,60,60,60,60,60,54,48,48,48,48,48,48,36,36
204,60,60,60,60,60,60,54,48,48,48,48,48,36,36,36
205,60,60,60,60,60,60,54,48,48,48,48,36,36,36,36
206,60,60,60,60,60,60,54,48,48,48,36,36,36,36,36
207,60,60,60,60,60,60,54,48,48,36,36,36,36,36,36
208,60,60,60,60,60,60,54,48,36,36,36,36,36,36,36
209,60,60,60,60,60,60,54,36,36,36,36,36,36,36,36
210,60,60,60,60,60,60,48,48,48,48,48,48,48,48,48
211,60,60,60,60,60,60,48,48,48,48,48,48,48,48,36
212,60,60,60,60,60,60,48,48,48,48,48,48,48,36,36
213,60,60,60,60,60,60,48,48,48,48,48,48,36,36,36
214,60,60,60,60,60,60,48,48,48,48,48,36,36,36,36
215,60,60,60,60,60,60,48,48,48,48,36,36,36,36,36
216,60,60,60,60,60,60,48,48,48,36,36,36,36,36,36
217,60,60,60,60,60,60,48,48,36,36,36,36,36,36,36
218,60,60,60,60,60,60,48,36,36,36,36,36,36,36,36
219,60,60,60,60,60,60,36,36,36,36,36,36,36,36,36
220,60,60,60,60,60,54,54,54,54,54,54,54,54,54,54
221,60,60,60,60,60,54,54,54,54,54,54,54,54,54,48
222,60,60,60,60,60,54,54,54,54,54,54,54,54,54,36
223,60,60,60,60,60,54,54,54,54,54,54,54,54,48,48
224,60,60,60,60,60,54,54,54,54,54,54,54,54,48,36
225,60,60,60,60,60,54,54,54,54,54,54,54,54,36,36
226,60,60,60,60,60,54,54,54,54,54,54,54,48,48,48
227,60,60,60,60,60,54,54,54,54,54,54,54,48,48,36
228,60,60,60,60,60,54,54,54,54,54,54,54,48,36,36
229,60,60,60,60,60,54,54,54,54,54,54,54,36,36,36
230,60,60,60,60,60,54,54,54,54,54,54,48,48,48,48
231,60,60,60,60,60,54,54,54,54,54,54,48,48,48,36
232,60,60,60,60,60,54,54,54,54,54,54,48,48,36,36
233,60,60,60,60,60,54,54,54,54,54,54,48,36,36,36
234,60,60,60,60,60,54,54,54,54,54,54,36,36,36,36
235,60,60,60,60,60,54,54,54,54,54,48,48,48,48,48
236,60,60,60,60,60,54,54,54,54,54,48,48,48,48,36
237,60,60,60,60,60,54,54,54,54,54,48,48,48,36,36
238,60,60,60,60,60,54,54,54,54,54,48,48,36,36,36
239,60,60,60,60,60,54,54,54,54,54,48,36,36,36,36
240,60,60,60,60,60,54,54,54,54,54,36,36,36,36,36
241,60,60,60,60,60,54,54,54,54,48,48,48,48,48,48
242,60,60,60,60,60,54,54,54,54,48,48,48,48,48,36
243,60,60,60,60,60,54,54,54,54,48,48,48,48,36,36
244,60,60,60,60,60,54,54,54,54,48,48,48,36,36,36
245,60,60,60,60,60,54,54,54,54,48,48,36,36,36,36
246,60,60,60,60,60,54,54,54,54,48,36,36,36,36,36
247,60,60,60,60,60,54,54,54,54,36,36,36,36,36,36
248,60,60,60,60,60,54,54,54,48,48,48,48,48,48,48
249,60,60,60,60,60,54,54,54,48,48,48,48,48,48,36
250,60,60,60,60,60,54,54,54,48,48,48,48,48,36,36
251,60,60,60,60,60,54,54,54,48,48,48,48,36,36,36
252,60,60,60,60,60,54,54,54,48,48,48,36,36,36,36
253,60,60,60,60,60,54,54,54,48,48,36,36,36,36,36
254,60,60,60,60,60,54,54,54,48,36,36,36,36,36,36
255,60,60,60,60,60,54,54,54,36,36,36,36,36,36,36
256,60,60,60,60,60,54,54,48,48,48,48,48,48,48,48
257,60,60,60,60,60,54,54,48,48,48,48,48,48,48,36
258,60,60,60,60,60,54,54,48,48,48,48,48,48,36,36
259,60,60,60,60,60,54,54,48,48,48,48,48,36,36,36
260,60,60,60,60,60,54,54,48,48,48,48,36,36,36,36
261,60,60,60,60,60,54,54,48,48,48,36,36,36,36,36
262,60,60,60,60,60,54,54,48,48,36,36,36,36,36,36
263,60,60,60,60,60,54,54,48,36,36,36,36,36,36,36
264,60,60,60,60,60,54,54,36,36,36,36,36,36,36,36
265,60,60,60,60,60,54,48,48,48,48,48,48,48,48,48
266,60,60,60,60,60,54,48,48,48,48,48,48,48,48,36
267,60,60,60,60,60,54,48,48,48,48,48,48,48,36,36
268,60,60,60,60,60,54,48,48,48,48,48,48,36,36,36
269,60,60,60,60,60,54,48,48,48,48,48,36,36,36,36
270,60,60,60,60,60,54,48,48,48,48,36,36,36,36,36
271,60,60,60,60,60,54,48,48,48,36,36,36,36,36,36
272,60,60,60,60,60,54,48,48,36,36,36,36,36,36,36
273,60,60,60,60,60,54,48,36,36,36,36,36,36,36,36
274,60,60,60,60,60,54,36,36,36,36,36,36,36,36,36
275,60,60,60,60,60,48,48,48,48,48,48,48,48,48,48
276,60,60,60,60,60,48,48,48,48,48,48,48,48,48,36
277,60,60,60,60,60,48,48,48,48,48,48,48,48,36,36
278,60,60,60,60,60,48,48,48,48,48,48,48,36,36,36
279,60,60,60,60,60,48,48,48,48,48,48,36,36,36,36
280,60,60,60,60,60,48,48,48,48,48,36,36,36,36,36
281,60,60,60,60,60,48,48,48,48,36,36,36,36,36,36
282,60,60,60,60,60,48,48,48,36,36,36,36,36,36,36
283,60,60,60,60,60,48,48,36,36,36,36,36,36,36,36
284,60,60,60,60,60,48,36,36,36,36,36,36,36,36,36
285,60,60,60,60,60,36,36,36,36,36,36,36,36,36,36
286,60,60,60,60,54,54,54,54,54,54,54,54,54,54,54
287,60,60,60,60,54,54,54,54,54,54,54,54,54,54,48
288,60,60,60,60,54,54,54,54,54,54,54,54,54,54,36
289,60,60,60,60,54,54,54,54,54,54,54,54,54,48,48
290,60,60,60,60,54,54,54,54,54,54,54,54,54,48,36
291,60,60,60,60,54,54,54,54,54,54,54,54,54,36,36
292,60,60,60,60,54,54,54,54,54,54,54,54,48,48,48
293,60,60,60,60,54,54,54,54,54,54,54,54,48,48,36
294,60,60,60,60,54,54,54,54,54,54,54,54,48,36,36
295,60,60,60,60,54,54,54,54,54,54,54,54,36,36,36
296,60,60,60,60,54,54,54,54,54,54,54,48,48,48,48
297,60,60,60,60,54,54,54,54,54,54,54,48,48,48,36
298,60,60,60,60,54,54,54,54,54,54,54,48,48,36,36
299,60,60,60,60,54,54,54,54,54,54,54,48,36,36,36
300,60,60,60,60,54,54,54,54,54,54,54,36,36,36,36
301,60,60,60,60,54,54,54,54,54,54,48,48,48,48,48
302,60,60,60,60,54,54,54,54,54,54,48,48,48,48,36
303,60,60,60,60,54,54,54,54,54,54,48,48,48,36,36
304,60,60,60,60,54,54,54,54,54,54,48,48,36,36,36
305,60,60,60,60,54,54,54,54,54,54,48,36,36,36,36
306,60,60,60,60,54,54,54,54,54,54,36,36,36,36,36
307,60,60,60,60,54,54,54,54,54,48,48,48,48,48,48
308,60,60,60,60,54,54,54,54,54,48,48,48,48,48,36
309,60,60,60,60,54,54,54,54,54,48,48,48,48,36,36
310,60,60,60,60,54,54,54,54,54,48,48,48,36,36,36
311,60,60,60,60,54,54,54,54,54,48,48,36,36,36,36
312,60,60,60,60,54,54,54,54,54,48,36,36,36,36,36
313,60,60,60,60,54,54,54,54,54,36,36,36,36,36,36
314,60,60,60,60,54,54,54,54,48,48,48,48,48,48,48
315,60,60,60,60,54,54,54,54,48,48,48,48,48,48,36
316,60,60,60,60,54,54,54,54,48,48,48,48,48,36,36
317,60,60,60,60,54,54,54,54,48,48,48,48,36,36,36
318,60,60,60,60,54,54,54,54,48,48,48,36,36,36,36
319,60,60,60,60,54,54,54,54,48,48,36,36,36,36,36
320,60,60,60,60,54,54,54,54,48,36,36,36,36,36,36
321,60,60,60,60,54,54,54,54,36,36,36,36,36,36,36
322,60,60,60,60,54,54,54,48,48,48,48,48,48,48,48
323,60,60,60,60,54,54,54,48,48,48,48,48,48,48,36
324,60,60,60,60,54,54,54,48,48,48,48,48,48,36,36
325,60,60,60,60,54,54,54,48,48,48,48,48,36,36,36
326,60,60,60,60,54,54,54,48,48,48,48,36,36,36,36
327,60,60,60,60,54,54,54,48,48,48,36,36,36,36,36
328,60,60,60,60,54,54,54,48,48,36,36,36,36,36,36
329,60,60,60,60,54,54,54,48,36,36,36,36,36,36,36
330,60,60,60,60,54,54,54,36,36,36,36,36,36,36,36
331,60,60,60,60,54,54,48,48,48,48,48,48,48,48,48
332,60,60,60,60,54,54,48,48,48,48,48,48,48,48,36
333,60,60,60,60,54,54,48,48,48,48,48,48,48,36,36
334,60,60,60,60,54,54,48,48,48,48,48,48,36,36,36
335,60,60,60,60,54,54,48,48,48,48,48,36,36,36,36
336,60,60,60,60,54,54,48,48,48,48,36,36,36,36,36
337,60,60,60,60,54,54,48,48,48,36,36,36,36,36,36
338,60,60,60,60,54,54,48,48,36,36,36,36,36,36,36
339,60,60,60,60,54,54,48,36,36,36,36,36,36,36,36
340,60,60,60,60,54,54,36,36,36,36,36,36,36,36,36
341,60,60,60,60,54,48,48,48,48,48,48,48,48,48,48
342,60,60,60,60,54,48,48,48,48,48,48,48,48,48,36
343,60,60,60,60,54,48,48,48,48,48,48,48,48,36,36
344,60,60,60,60,54,48,48,48,48,48,48,48,36,36,36
345,60,60,60,60,54,48,48,48,48,48,48,36,36,36,36
346,60,60,60,60,54,48,48,48,48,48,36,36,36,36,36
347,60,60,60,60,54,48,48,48,48,36,36,36,36,36,36
348,60,60,60,60,54,48,48,48,36,36,36,36,36,36,36
349,60,60,60,60,54,48,48,36,36,36,36,36,36,36,36
350,60,60,60,60,54,48,36,36,36,36,36,36,36,36,36
351,60,60,60,60,54,36,36,36,36,36,36,36,36,36,36
352,60,60,60,60,48,48,48,48,48,48,48,48,48,48,48
353,60,60,60,60,48,48,48,48,48,48,48,48,48,48,36
354,60,60,60,60,48,48,48,48,48,48,48,48,48,36,36
355,60,60,60,60,48,48,48,48,48,48,48,48,36,36,36
356,60,60,60,60,48,48,48,48,48,48,48,36,36,36,36
357,60,60,60,60,48,48,48,48,48,48,36,36,36,36,36
358,60,60,60,60,48,48,48,48,48,36,36,36,36,36,36
359,60,60,60,60,48,48,48,48,36,36,36,36,36,36,36
360,60,60,60,60,48,48,48,36,36,36,36,36,36,36,36
361,60,60,60,60,48,48,36,36,36,36,36,36,36,36,36
362,60,60,60,60,48,36,36,36,36,36,36,36,36,36,36
363,60,60,60,60,36,36,36,36,36,36,36,36,36,36,36
364,60,60,60,54,54,54,54,54,54,54,54,54,54,54,54
365,60,60,60,54,54,54,54,54,54,54,54,54,54,54,48
366,60,60,60,54,54,54,54,54,54,54,54,54,54,54,36
367,60,60,60,54,54,54,54,54,54,54,54,54,54,48,48
368,60,60,60,54,54,54,54,54,54,54,54,54,54,48,36
369,60,60,60,54,54,54,54,54,54,54,54,54,54,36,36
370,60,60,60,54,54,54,54,54,54,54,54,54,48,48,48
371,60,60,60,54,54,54,54,54,54,54,54,54,48,48,36
372,60,60,60,54,54,54,54,54,54,54,54,54,48,36,36
373,60,60,60,54,54,54,54,54,54,54,54,54,36,36,36
374,60,60,60,54,54,54,54,54,54,54,54,48,48,48,48
375,60,60,60,54,54,54,54,54,54,54,54,48,48,48,36
376,60,60,60,54,54,54,54,54,54,54,54,48,48,36,36
377,60,60,60,54,54,54,54,54,54,54,54,48,36,36,36
378,60,60,60,54,54,54,54,54,54,54,54,36,36,36,36
379,60,60,60,54,54,54,54,54,54,54,48,48,48,48,48
380,60,60,60,54,54,54,54,54,54,54,48,48,48,48,36
381,60,60,60,54,54,54,54,54,54,54,48,48,48,36,36
382,60,60,60,54,54,54,54,54,54,54,48,48,36,36,36
383,60,60,60,54,54,54,54,54,54,54,48,36,36,36,36
384,60,60,60,54,54,54,54,54,54,54,36,36,36,36,36
385,60,60,60,54,54,54,54,54,54,48,48,48,48,48,48
386,60,60,60,54,54,54,54,54,54,48,48,48,48,48,36
387,60,60,60,54,54,54,54,54,54,48,48,48,48,36,36
388,60,60,60,54,54,54,54,54,54,48,48,48,36,36,36
389,60,60,60,54,54,54,54,54,54,48,48,36,36,36,36
390,60,60,60,54,54,54,54,54,54,48,36,36,36,36,36
391,60,60,60,54,54,54,54,54,54,36,36,36,36,36,36
392,60,60,60,54,54,54,54,54,48,48,48,48,48,48,48
393,60,60,60,54,54,54,54,54,48,48,48,48,48,48,36
394,60,60,60,54,54,54,54,54,48,48,48,48,48,36,36
395,60,60,60,54,54,54,54,54,48,48,48,48,36,36,36
396,60,60,60,54,54,54,54,54,48,48,48,36,36,36,36
397,60,60,60,54,54,54,54,54,48,48,36,36,36,36,36
398,60,60,60,54,54,54,54,54,48,36,36,36,36,36,36
399,60,60,60,54,54,54,54,54,36,36,36,36,36,36,36
400,60,60,60,54,54,54,54,48,48,48,48,48,48,48,48
401,60,60,60,54,54,54,54,48,48,48,48,48,48,48,36
402,60,60,60,54,54,54,54,48,48,48,48,48,48,36,36
403,60,60,60,54,54,54,54,48,48,48,48,48,36,36,36
404,60,60,60,54,54,54,54,48,48,48,48,36,36,36,36
405,60,60,60,54,54,54,54,48,48,48,36,36,36,36,36
406,60,60,60,54,54,54,54,48,48,36,36,36,36,36,36
407,60,60,60,54,54,54,54,48,36,36,36,36,36,36,36
408,60,60,60,54,54,54,54,36,36,36,36,36,36,36,36
409,60,60,60,54,54,54,48,48,48,48,48,48,48,48,48
410,60,60,60,54,54,54,48,48,48,48,48,48,48,48,36
411,60,60,60,54,54,54,48,48,48,48,48,48,48,36,36
412,60,60,60,54,54,54,48,48,48,48,48,48,36,36,36
413,60,60,60,54,54,54,48,48,48,48,48,36,36,36,36
414,60,60,60,54,54,54,48,48,48,48,36,36,36,36,36
415,60,60,60,54,54,54,48,48,48,36,36,36,36,36,36
416,60,60,60,54,54,54,48,48,36,36,36,36,36,36,36
417,60,60,60,54,54,54,48,36,36,36,36,36,36,36,36
418,60,60,60,54,54,54,36,36,36,36,36,36,36,36,36
419,60,60,60,54,54,48,48,48,48,48,48,48,48,48,48
420,60,60,60,54,54,48,48,48,48,48,48,48,48,48,36
421,60,60,60,54,54,48,48,48,48,48,48,48,48,36,36
422,60,60,60,54,54,48,48,48,48,48,48,48,36,36,36
423,60,60,60,54,54,48,48,48,48,48,48,36,36,36,36
424,60,60,60,54,54,48,48,48,48,48,36,36,36,36,36
425,60,60,60,54,54,48,48,48,48,36,36,36,36,36,36
426,60,60,60,54,54,48,48,48,36,36,36,36,36,36,36
427,60,60,60,54,54,48,48,36,36,36,36,36,36,36,36
428,60,60,60,54,54,48,36,36,36,36,36,36,36,36,36
429,60,60,60,54,54,36,36,36,36,36,36,36,36,36,36
430,60,60,60,54,48,48,48,48,48,48,48,48,48,48,48
431,60,60,60,54,48,48,48,48,48,48,48,48,48,48,36
432,60,60,60,54,48,48,48,48,48,48,48,48,48,36,36
433,60,60,60,54,48,48,48,48,48,48,48,48,36,36,36
434,60,60,60,54,48,48,48,48,48,48,48,36,36,36,36
435,60,60,60,54,48,48,48,48,48,48,36,36,36,36,36
436,60,60,60,54,48,48,48,48,48,36,36,36,36,36,36
437,60,60,60,54,48,48,48,48,36,36,36,36,36,36,36
438,60,60,60,54,48,48,48,36,36,36,36,36,36,36,36
439,60,60,60,54,48,48,36,36,36,36,36,36,36,36,36
440,60,60,60,54,48,36,36,36,36,36,36,36,36,36,36
441,60,60,60,54,36,36,36,36,36,36,36,36,36,36,36
442,60,60,60,48,48,48,48,48,48,48,48,48,48,48,48
443,60,60,60,48,48,48,48,48,48,48,48,48,48,48,36
444,60,60,60,48,48,48,48,48,48,48,48,48,48,36,36
445,60,60,60,48,48,48,48,48,48,48,48,48,36,36,36
446,60,60,60,48,48,48,48,48,48,48,48,36,36,36,36
447,60,60,60,48,48,48,48,48,48,48,36,36,36,36,36
448,60,60,60,48,48,48,48,48,48,36,36,36,36,36,36
449,60,60,60,48,48,48,48,48,36,36,36,36,36,36,36
450,60,60,60,48,48,48,48,36,36,36,36,36,36,36,36
451,60,60,60,48,48,48,36,36,36,36,36,36,36,36,36
452,60,60,60,48,48,36,36,36,36,36,36,36,36,36,36
453,60,60,60,48,36,36,36,36,36,36,36,36,36,36,36
454,60,60,60,36,36,36,36,36,36,36,36,36,36,36,36
455,60,60,54,54,54,54,54,54,54,54,54,54,54,54,54
456,60,60,54,54,54,54,54,54,54,54,54,54,54,54,48
457,60,60,54,54,54,54,54,54,54,54,54,54,54,54,36
458,60,60,54,54,54,54,54,54,54,54,54,54,54,48,48
459,60,60,54,54,54,54,54,54,54,54,54,54,54,48,36
460,60,60,54,54,54,54,54,54,54,54,54,54,54,36,36
461,60,60,54,54,54,54,54,54,54,54,54,54,48,48,48
462,60,60,54,54,54,54,54,54,54,54,54,54,48,48,36
463,60,60,54,54,54,54,54,54,54,54,54,54,48,36,36
464,60,60,54,54,54,54,54,54,54,54,54,54,36,36,36
465,60,60,54,54,54,54,54,54,54,54,54,48,48,48,48
466,60,60,54,54,54,54,54,54,54,54,54,48,48,48,36
467,60,60,54,54,54,54,54,54,54,54,54,48,48,36,36
468,60,60,54,54,54,54,54,54,54,54,54,48,36,36,36
469,60,60,54,54,54,54,54,54,54,54,54,36,36,36,36
470,60,60,54,54,54,54,54,54,54,54,48,48,48,48,48
471,60,60,54,54,54,54,54,54,54,54,48,48,48,48,36
472,60,60,54,54,54,54,54,54,54,54,48,48,48,36,36
473,60,60,54,54,54,54,54,54,54,54,48,48,36,36,36
474,60,60,54,54,54,54,54,54,54,54,48,36,36,36,36
475,60,60,54,54,54,54,54,54,54,54,36,36,36,36,36
476,60,60,54,54,54,54,54,54,54,48,48,48,48,48,48
477,60,60,54,54,54,54,54,54,54,48,48,48,48,48,36
478,60,60,54,54,54,54,54,54,54,48,48,48,48,36,36
479,60,60,54,54,54,54,54,54,54,48,48,48,36,36,36
480,60,60,54,54,54,54,54,54,54,48,48,36,36,36,36
481,60,60,54,54,54,54,54,54,54,48,36,36,36,36,36
482,60,60,54,54,54,54,54,54,54,36,36,36,36,36,36
483,60,60,54,54,54,54,54,54,48,48,48,48,48,48,48
484,60,60,54,54,54,54,54,54,48,48,48,48,48,48,36
485,60,60,54,54,54,54,54,54,48,48,48,48,48,36,36
486,60,60,54,54,54,54,54,54,48,48,48,48,36,36,36
487,60,60,54,54,54,54,54,54,48,48,48,36,36,36,36
488,60,60,54,54,54,54,54,54,48,48,36,36,36,36,36
489,60,60,54,54,54,54,54,54,48,36,36,36,36,36,36
490,60,60,54,54,54,54,54,54,36,36,36,36,36,36,36
491,60,60,54,54,54,54,54,48,48,48,48,48,48,48,48
492,60,60,54,54,54,54,54,48,48,48,48,48,48,48,36
493,60,60,54,54,54,54,54,48,48,48,48,48,48,36,36
494,60,60,54,54,54,54,54,48,48,48,48,48,36,36,36
495,60,60,54,54,54,54,54,48,48,48,48,36,36,36,36
496,60,60,54,54,54,54,54,48,48,48,36,36,36,36,36
497,60,60,54,54,54,54,54,48,48,36,36,36,36,36,36
498,60,60,54,54,54,54,54,48,36,36,36,36,36,36,36
499,60,60,54,54,54,54,54,36,36,36,36,36,36,36,36
500,60,60,54,54,54,54,48,48,48,48,48,48,48,48,48
501,60,60,54,54,54,54,48,48,48,48,48,48,48,48,36
502,60,60,54,54,54,54,48,48,48,48,48,48,48,36,36
503,60,60,54,54,54,54,48,48,48,48,48,48,36,36,36
504,60,60,54,54,54,54,48,48,48,48,48,36,36,36,36
505,60,60,54,54,54,54,48,48,48,48,36,36,36,36,36
506,60,60,54,54,54,54,48,48,48,36,36,36,36,36,36
507,60,60,54,54,54,54,48,48,36,36,36,36,36,36,36
508,60,60,54,54,54,54,48,36,36,36,36,36,36,36,36
509,60,60,54,54,54,54,36,36,36,36,36,36,36,36,36
510,60,60,54,54,54,48,48,48,48,48,48,48,48,48,48
511,60,60,54,54,54,48,48,48,48,48,48,48,48,48,36
512,60,60,54,54,54,48,48,48,48,48,48,48,48,36,36
513,60,60,54,54,54,48,48,48,48,48,48,48,36,36,36
514,60,60,54,54,54,48,48,48,48,48,48,36,36,36,36
515,60,60,54,54,54,48,48,48,48,48,36,36,36,36,36
516,60,60,54,54,54,48,48,48,48,36,36,36,36,36,36
517,60,60,54,54,54,48,48,48,36,36,36,36,36,36,36
518,60,60,54,54,54,48,48,36,36,36,36,36,36,36,36
519,60,60,54,54,54,48,36,36,36,36,36,36,36,36,36
520,60,60,54,54,54,36,36,36,36,36,36,36,36,36,36
521,60,60,54,54,48,48,48,48,48,48,48,48,48,48,48
522,60,60,54,54,48,48,48,48,48,48,48,48,48,48,36
523,60,60,54,54,48,48,48,48,48,48,48,48,48,36,36
524,60,60,54,54,48,48,48,48,48,48,48,48,36,36,36
525,60,60,54,54,48,48,48,48,48,48,48,36,36,36,36
526,60,60,54,54,48,48,48,48,48,48,36,36,36,36,36
527,60,60,54,54,48,48,48,48,48,36,36,36,36,36,36
528,60,60,54,54,48,48,48,48,36,36,36,36,36,36,36
529,60,60,54,54,48,48,48,36,36,36,36,36,36,36,36
530,60,60,54,54,48,48,36,36,36,36,36,36,36,36,36
531,60,60,54,54,48,36,36,36,36,36,36,36,36,36,36
532,60,60,54,54,36,36,36,36,36,36,36,36,36,36,36
533,60,60,54,48,48,48,48,48,48,48,48,48,48,48,48
534,60,60,54,48,48,48,48,48,48,48,48,48,48,48,36
535,60,60,54,48,48,48,48,48,48,48,48,48,48,36,36
536,60,60,54,48,48,48,48,48,48,48,48,48,36,36,36
537,60,60,54,48,48,48,48,48,48,48,48,36,36,36,36
538,60,60,54,48,48,48,48,48,48,48,36,36,36,36,36
539,60,60,54,48,48,48,48,48,48,36,36,36,36,36,36
540,60,60,54,48,48,48,48,48,36,36,36,36,36,36,36
541,60,60,54,48,48,48,48,36,36,36,36,36,36,36,36
542,60,60,54,48,48,48,36,36,36,36,36,36,36,36,36
543,60,60,54,48,48,36,36,36,36,36,36,36,36,36,36
544,60,60,54,48,36,36,36,36,36,36,36,36,36,36,36
545,60,60,54,36,36,36,36,36,36,36,36,36,36,36,36
546,60,60,48,48,48,48,48,48,48,48,48,48,48,48,48
547,60,60,48,48,48,48,48,48,48,48,48,48,48,48,36
548,60,60,48,48,48,48,48,48,48,48,48,48,48,36,36
549,60,60,48,48,48,48,48,48,48,48,48,48,36,36,36
550,60,60,48,48,48,48,48,48,48,48,48,36,36,36,36
551,60,60,48,48,48,48,48,48,48,48,36,36,36,36,36
552,60,60,48,48,48,48,48,48,48,36,36,36,36,36,36
553,60,60,48,48,48,48,48,48,36,36,36,36,36,36,36
554,60,60,48,48,48,48,48,36,36,36,36,36,36,36,36
555,60,60,48,48,48,48,36,36,36,36,36,36,36,36,36
556,60,60,48,48,48,36,36,36,36,36,36,36,36,36,36
557,60,60,48,48,36,36,36,36,36,36,36,36,36,36,36
558,60,60,48,36,36,36,36,36,36,36,36,36,36,36,36
559,60,60,36,36,36,36,36,36,36,36,36,36,36,36,36
560,60,54,54,54,54,54,54,54,54,54,54,54,54,54,54
561,60,54,54,54,54,54,54,54,54,54,54,54,54,54,48
562,60,54,54,54,54,54,54,54,54,54,54,54,54,54,36
563,60,54,54,54,54,54,54,54,54,54,54,54,54,48,48
564,60,54,54,54,54,54,54,54,54,54,54,54,54,48,36
565,60,54,54,54,54,54,54,54,54,54,54,54,54,36,36
566,60,54,54,54,54,54,54,54,54,54,54,54,48,48,48
567,60,54,54,54,54,54,54,54,54,54,54,54,48,48,36
568,60,54,54,54,54,54,54,54,54,54,54,54,48,36,36
569,60,54,54,54,54,54,54,54,54,54,54,54,36,36,36
570,60,54,54,54,54,54,54,54,54,54,54,48,48,48,48
571,60,54,54,54,54,54,54,54,54,54,54,48,48,48,36
572,60,54,54,54,54,54,54,54,54,54,54,48,48,36,36
573,60,54,54,54,54,54,54,54,54,54,54,48,36,36,36
574,60,54,54,54,54,54,54,54,54,54,54,36,36,36,36
575,60,54,54,54,54,54,54,54,54,54,48,48,48,48,48
576,60,54,54,54,54,54,54,54,54,54,48,48,48,48,36
577,60,54,54,54,54,54,54,54,54,54,48,48,48,36,36
578,60,54,54,54,54,54,54,54,54,54,48,48,36,36,36
579,60,54,54,54,54,54,54,54,54,54,48,36,36,36,36
580,60,54,54,54,54,54,54,54,54,54,36,36,36,36,36
581,60,54,54,54,54,54,54,54,54,48,48,48,48,48,48
582,60,54,54,54,54,54,54,54,54,48,48,48,48,48,36
583,60,54,54,54,54,54,54,54,54,48,48,48,48,36,36
584,60,54,54,54,54,54,54,54,54,48,48,48,36,36,36
585,60,54,54,54,54,54,54,54,54,48,48,36,36,36,36
586,60,54,54,54,54,54,54,54,54,48,36,36,36,36,36
587,60,54,54,54,54,54,54,54,54,36,36,36,36,36,36
588,60,54,54,54,54,54,54,54,48,48,48,48,48,48,48
589,60,54,54,54,54,54,54,54,48,48,48,48,48,48,36
590,60,54,54,54,54,54,54,54,48,48,48,48,48,36,36
591,60,54,54,54,54,54,54,54,48,48,48,48,36,36,36
592,60,54,54,54,54,54,54,54,48,48,48,36,36,36,36
593,60,54,54,54,54,54,54,54,48,48,36,36,36,36,36
594,60,54,54,54,54,54,54,54,48,36,36,36,36,36,36
595,60,54,54,54,54,54,54,54,36,36,36,36,36,36,36
596,60,54,54,54,54,54,54,48,48,48,48,48,48,48,48
597,60,54,54,54,54,54,54,48,48,48,48,48,48,48,36
598,60,54,54,54,54,54,54,48,48,48,48,48,48,36,36
599,60,54,54,54,54,54,54,48,48,48,48,48,36,36,36
600,60,54,54,54,54,54,54,48,48,48,48,36,36,36,36
601,60,54,54,54,54,54,54,48,48,48,36,36,36,36,36
602,60,54,54,54,54,54,54,48,48,36,36,36,36,36,36
603,60,54,54,54,54,54,54,48,36,36,36,36,36,36,36
604,60,54,54,54,54,54,54,36,36,36,36,36,36,36,36
605,60,54,54,54,54,54,48,48,48,48,48,48,48,48,48
606,60,54,54,54,54,54,48,48,48,48,48,48,48,48,36
607,60,54,54,54,54,54,48,48,48,48,48,48,48,36,36
608,60,54,54,54,54,54,48,48,48,48,48,48,36,36,36
609,60,54,54,54,54,54,48,48,48,48,48,36,36,36,36
610,60,54,54,54,54,54,48,48,48,48,36,36,36,36,36
611,60,54,54,54,54,54,48,48,48,36,36,36,36,36,36
612,60,54,54,54,54,54,48,48,36,36,36,36,36,36,36
613,60,54,54,54,54,54,48,36,36,36,36,36,36,36,36
614,60,54,54,54,54,54,36,36,36,36,36,36,36,36,36
615,60,54,54,54,54,48,48,48,48,48,48,48,48,48,48
616,60,54,54,54,54,48,48,48,48,48,48,48,48,48,36
617,60,54,54,54,54,48,48,48,48,48,48,48,48,36,36
618,60,54,54,54,54,48,48,48,48,48,48,48,36,36,36
619,60,54,54,54,54,48,48,48,48,48,48,36,36,36,36
620,60,54,54,54,54,48,48,48,48,48,36,36,36,36,36
621,60,54,54,54,54,48,48,48,48,36,36,36,36,36,36
622,60,54,54,54,54,48,48,48,36,36,36,36,36,36,36
623,60,54,54,54,54,48,48,36,36,36,36,36,36,36,36
624,60,54,54,54,54,48,36,36,36,36,36,36,36,36,36
625,60,54,54,54,54,36,36,36,36,36,36,36,36,36,36
626,60,54,54,54,48,48,48,48,48,48,48,48,48,48,48
627,60,54,54,54,48,48,48,48,48,48,48,48,48,48,36
628,60,54,54,54,48,48,48,48,48,48,48,48,48,36,36
629,60,54,54,54,48,48,48,48,48,48,48,48,36,36,36
630,60,54,54,54,48,48,48,48,48,48,48,36,36,36,36
631,60,54,54,54,48,48,48,48,48,48,36,36,36,36,36
632,60,54,54,54,48,48,48,48,48,36,36,36,36,36,36
633,60,54,54,54,48,48,48,48,36,36,36,36,36,36,36
634,60,54,54,54,48,48,48,36,36,36,36,36,36,36,36
635,60,54,54,54,48,48,36,36,36,36,36,36,36,36,36
636,60,54,54,54,48,36,36,36,36,36,36,36,36,36,36
637,60,54,54,54,36,36,36,36,36,36,36,36,36,36,36
638,60,54,54,48,48,48,48,48,48,48,48,48,48,48,48
639,60,54,54,48,48,48,48,48,48,48,48,48,48,48,36
640,60,54,54,48,48,48,48,48,48,48,48,48,48,36,36
641,60,54,54,48,48,48,48,48,48,48,48,48,36,36,36
642,60,54,54,48,48,48,48,48,48,48,48,36,36,36,36
643,60,54,54,48,48,48,48,48,48,48,36,36,36,36,36
644,60,54,54,48,48,48,48,48,48,36,36,36,36,36,36
645,60,54,54,48,48,48,48,48,36,36,36,36,36,36,36
646,60,54,54,48,48,48,48,36,36,36,36,36,36,36,36
647,60,54,54,48,48,48,36,36,36,36,36,36,36,36,36
648,60,54,54,48,48,36,36,36,36,36,36,36,36,36,36
649,60,54,54,48,36,36,36,36,36,36,36,36,36,36,36
650,60,54,54,36,36,36,36,36,36,36,36,36,36,36,36
651,60,54,48,48,48,48,48,48,48,48,48,48,48,48,48
652,60,54,48,48,48,48,48,48,48,48,48,48,48,48,36
653,60,54,48,48,48,48,48,48,48,48,48,48,48,36,36
654,60,54,48,48,48,48,48,48,48,48,48,48,36,36,36
655,60,54,48,48,48,48,48,48,48,48,48,36,36,36,36
656,60,54,48,48,48,48,48,48,48,48,36,36,36,36,36
657,60,54,48,48,48,48,48,48,48,36,36,36,36,36,36
658,60,54,48,48,48,48,48,48,36,36,36,36,36,36,36
659,60,54,48,48,48,48,48,36,36,36,36,36,36,36,36
660,60,54,48,48,48,48,36,36,36,36,36,36,36,36,36
661,60,54,48,48,48,36,36,36,36,36,36,36,36,36,36
662,60,54,48,48,36,36,36,36,36,36,36,36,36,36,36
663,60,54,48,36,36,36,36,36,36,36,36,36,36,36,36
664,60,54,36,36,36,36,36,36,36,36,36,36,36,36,36
665,60,48,48,48,48,48,48,48,48,48,48,48,48,48,48
666,60,48,48,48,48,48,48,48,48,48,48,48,48,48,36
667,60,48,48,48,48,48,48,48,48,48,48,48,48,36,36
668,60,48,48,48,48,48,48,48,48,48,48,48,36,36,36
669,60,48,48,48,48,48,48,48,48,48,48,36,36,36,36
670,60,48,48,48,48,48,48,48,48,48,36,36,36,36,36
671,60,48,48,48,48,48,48,48,48,36,36,36,36,36,36
672,60,48,48,48,48,48,48,48,36,36,36,36,36,36,36
673,60,48,48,48,48,48,48,36,36,36,36,36,36,36,36
674,60,48,48,48,48,48,36,36,36,36,36,36,36,36,36
675,60,48,48,48,48,36,36,36,36,36,36,36,36,36,36
676,60,48,48,48,36,36,36,36,36,36,36,36,36,36,36
677,60,48,48,36,36,36,36,36,36,36,36,36,36,36,36
678,60,48,36,36,36,36,36,36,36,36,36,36,36,36,36
679,60,36,36,36,36,36,36,36,36,36,36,36,36,36,36
